review,sentiment
"A surprisingly heartfelt movie. The characters feel real and their emotions land well. The pacing stays steady and the final act is genuinely moving.",1
"An enjoyable watch overall. The performances are strong, and the dialogue feels natural. The ending leaves you feeling hopeful.",1
"The film offers a charming mix of humor and sincerity. It builds slowly but rewards patient viewers with memorable scenes. A solid feel-good story.",1
"A wonderfully crafted drama with real emotional weight. The lead actor delivers a career-best performance. The direction feels confident throughout.",1
"Warm, engaging, and delightfully paced. The cinematography adds depth to the storytelling. Definitely worth watching.",1
"A beautifully shot movie with a meaningful message. The soundtrack complements the visuals perfectly. It leaves you thinking long after it ends.",1
"The cast does an excellent job carrying the story. The relationships between characters are believable and well-developed. A satisfying narrative.",1
"Surprisingly strong from start to finish. It balances humor and seriousness very well. A movie you could rewatch and still enjoy.",1
"An uplifting story that never feels forced. The script is tight and avoids unnecessary scenes. A refreshing entry in its genre.",1
"Does a great job making you care about the characters. The emotional beats land naturally. A warm and rewarding film.",1
"The plot is simple but executed very well. It maintains a pleasant tone throughout. Definitely one of the better films this year.",1
"A comforting movie experience. It doesn't try too hard and that works to its advantage. The performances are easy to connect with.",1
"Hits the right emotional notes without being melodramatic. The direction feels assured. A genuinely touching story.",1
"Solid pacing paired with strong performances makes this an enjoyable film. It handles its themes with maturity. Loved the second half especially.",1
"Works well as a character-driven drama. The subtle acting choices elevate the narrative. It’s a calm but impactful film.",1
"The movie shines through its brilliant score and well-written dialogues. The story unfolds gently but effectively. A truly warm experience.",1
"A feel-good film with depth. The characters undergo believable growth. Great for anyone looking for something inspiring.",1
"The emotional arc is handled gracefully. The movie takes its time, and it pays off. A sincere and heartfelt piece of cinema.",1
"Strong performances across the board. The cinematography enhances the storytelling beautifully. A memorable and uplifting journey.",1
"A genuinely lovely film. The writing is clean and the story flows smoothly. Leaves you with a smile.",1
"Bright, emotional, and thoughtfully crafted. The movie captures life's small joys with honesty. A delight to watch.",1
"This film surprised me with its charm. The chemistry between the leads is excellent. A simple story told very well.",1
"Very moving and relatable. The film’s gentle pacing works in its favor. You'll feel connected to the characters.",1
"A quiet film full of heart. The visuals perfectly match the tone. One of the year's hidden gems.",1
"Warm storytelling anchored by believable characters. The direction keeps everything grounded. A wonderful experience.",1
"A joy from beginning to end. The script balances humor and heartfelt moments effectively. Highly enjoyable.",1
"The movie maintains a hopeful tone throughout. The characterization is handled skillfully. A satisfying watch.",1
"A thoughtful, well-acted film. The emotional payoff is worth the slow buildup. Really well done.",1
"A positive, feel-good narrative. The performances make everything more immersive. Definitely recommend it.",1
"Feels genuine and uplifting. The story is simple but meaningful. A strong film overall.",1
"The writing is strong and the character arcs are engaging. A well-executed drama that sticks with you.",1
"Captures the beauty of everyday moments. The emotional journey is rewarding. Lovely film.",1
"The movie’s gentle tone suits its theme perfectly. The performances are warm and compelling. A soothing watch.",1
"A well-paced film with beautiful visuals. The storytelling feels mature. Highly recommended.",1
"The emotional beats land perfectly. The cast delivers strong performances. A fulfilling experience.",1
"An endearing story executed with finesse. The film never drags. A charming watch.",1
"The direction is confident and the acting feels especially genuine. A touching and memorable film.",1
"An emotionally resonant movie with great character development. The narrative feels honest. Very enjoyable.",1
"A pleasant surprise. The film delivers a heartfelt message without being preachy. Worth your time.",1
"Simple but effective storytelling. The emotional payoff is strong. A warm film.",1

"The plot feels messy and underdeveloped. Characters appear and disappear without explanation. The movie lacks direction and purpose.",0
"The pacing is painfully slow. The performances feel stiff and unnatural. The story never really gets off the ground.",0
"Visually bland and emotionally hollow. The script tries too hard to be deep but ends up feeling forced. Not enjoyable at all.",0
"The film struggles to maintain momentum. The acting feels wooden and the dialogue is awkward. It becomes boring quickly.",0
"The story is predictable and uninspired. Nothing new or interesting happens. A forgettable experience.",0
"The characters feel one-dimensional. The emotional moments fall flat. The movie tries but fails to connect.",0
"A confusing plot with too many unnecessary scenes. The editing feels choppy. Hard to stay invested.",0
"The movie drags for far too long. The writing feels lazy and the humor misses completely. Not worth the time.",0
"The emotional beats feel forced. The film lacks subtlety and nuance. It tries to be dramatic but comes across as shallow.",0
"The narrative feels empty. The actors seem disengaged. A disappointing film overall.",0
"The direction feels sloppy. The story jumps randomly and lacks cohesion. Hard to enjoy.",0
"The movie has no clear focus. The characters feel irrelevant to the plot. Very poorly executed.",0
"The script is weak and full of clichés. Despite its attempts at depth, it falls flat. Not recommended.",0
"Underwhelming from start to finish. The plot lacks tension and the ending is unsatisfying. Expected more.",0
"The movie fails to create any emotional connection. The pacing is erratic. Overall a dull experience.",0
"The cast struggles with the poorly written dialogue. Nothing feels natural. Hard to watch.",0
"Predictable and shallow. The film adds nothing new to its genre. A wasted opportunity.",0
"A completely forgettable movie. The plot is thin and unoriginal. Nothing stands out.",0
"Fails to deliver on its promising premise. The storytelling is weak. A disappointing watch.",0
"The film lacks any strong moments. Everything feels rushed and incomplete. Not enjoyable.",0
"The humor doesn't land and the drama feels forced. The film doesn't know what it wants to be. Weak execution.",0
"The acting feels unnatural and scripted. The emotional scenes lack impact. Not engaging at all.",0
"The story feels stretched despite having little substance. Very boring for most parts.",0
"Messy storytelling and poor character development. The film doesn’t hold attention.",0
"A dull script with lifeless performances. Not worth watching.",0
"The pacing feels off and the plot lacks structure. A frustrating watch.",0
"Not an enjoyable movie. The characters are bland and the story lacks energy.",0
"Emotionally empty and visually uninteresting. Nothing stands out.",0
"The film feels rushed and incomplete. The ending is abrupt and unsatisfying.",0
"Poorly written characters and awkward dialogue. The movie never finds its footing.",0
"A confusing and disorganized plot. The pacing is terrible. Very boring.",0
"The narrative feels pointless. The characters have no depth. A disappointing experience.",0
"The film tries to be artistic but ends up feeling pretentious. The story goes nowhere.",0
"Disappointing in nearly every aspect. The plot is unoriginal and the execution is sloppy.",0
"An unfocused story with little emotional impact. Easy to forget.",0
"The characters act inconsistently. The tone jumps around. A messy film.",0
"The acting is unconvincing. The writing feels lazy. Not a good watch.",0
"A hollow movie with no emotional core. The story feels aimless.",0
"The script is weak and the pacing is uneven. Nothing memorable.",0
"Struggles to keep the viewer engaged. The plot is bland. Not enjoyable.",0
"The film is dragged down by poor writing and flat characters. Not recommended.",0
"Feels like it was rushed into production. Nothing feels polished. A weak movie.",0
"Offers no emotional depth or interesting ideas. A very forgettable watch.",0
"Amazing movie! I absolutely loved the acting and the emotional scenes. Everything felt powerful and genuine.",1
"Fantastic! The performances were touching and the story made me cry in a good way. Beautifully done.",1
"Absolutely awesome film. The cast delivered such emotional depth. I loved every moment.",1
"This was incredible. The story, acting, and pacing were all perfect. I enjoyed it a lot.",1
"An awesome movie with wonderful performances. I felt emotionally connected throughout.",1
"Brilliant film! The emotional moments were so well executed. Loved the acting.",1
"I really loved this movie. The scenes were emotional and powerful. Great acting.",1
"Wonderful movie with heartfelt acting. I loved the emotional scenes!",1
"Amazing performances! The emotional depth was incredible. Loved this film.",1
"I truly loved everything about it. Beautiful acting and emotional storytelling.",1
"One of the best movies I’ve seen. Emotional, powerful, and beautifully acted.",1
"The acting was phenomenal. The emotional scenes were amazing. Loved it!",1
"Such an awesome film. I really loved the characters and their emotional arcs.",1
"Great movie! I absolutely loved the acting. The emotional scenes were perfect.",1
"What an emotional and beautifully made film. The acting was top-notch!",1
"Fantastic film. The emotional depth was amazing. Loved the performances.",1
"Really awesome movie with strong acting. The emotional moments were unforgettable.",1
"A heartwarming and emotional movie. Loved the cast and their performances.",1
"Beautiful movie with emotional scenes. Absolutely loved the acting.",1
"Amazing film with powerful emotional moments. Really loved it!",1
